{"cameraMode":{"drawMode":0,"name":"Shaded","section":"Shading Mode"},"sceneLighting":false,"audioPlay":false,"sceneViewState":{"showFog":true,"showMaterialUpdate":false,"showSkybox":false,"showFlares":true,"showImageEffects":true,"showParticleSystems":true},"in2DMode":false,"pivot":{"x":-66.76988220214844,"y":-18.562610626220704,"z":-3.1904518604278566},"rotation":{"x":0.12379784137010575,"y":-0.730047345161438,"z":0.13583993911743165,"w":0.6585343480110169},"size":42.56935119628906,"orthographic":false}