{"cameraMode":{"drawMode":0,"name":"Shaded","section":"Shading Mode"},"sceneLighting":false,"audioPlay":false,"sceneViewState":{"showFog":true,"showMaterialUpdate":false,"showSkybox":false,"showFlares":true,"showImageEffects":true,"showParticleSystems":true},"in2DMode":false,"pivot":{"x":-1.9498498439788819,"y":5.885370254516602,"z":1.1282403469085694},"rotation":{"x":0.17292919754981996,"y":-0.6702884435653687,"z":0.16400401294231416,"w":0.7030689120292664},"size":10.0,"orthographic":false}