{"cameraMode":{"drawMode":0,"name":"Shaded","section":"Shading Mode"},"sceneLighting":false,"audioPlay":false,"sceneViewState":{"showFog":true,"showMaterialUpdate":false,"showSkybox":false,"showFlares":true,"showImageEffects":true,"showParticleSystems":true},"in2DMode":false,"pivot":{"x":-20.84000015258789,"y":1.9199999570846558,"z":4.0},"rotation":{"x":-0.4743586778640747,"y":-0.0012474119430407882,"z":0.0021506473422050478,"w":-0.880626380443573},"size":2.743178606033325,"orthographic":false}