{"cameraMode":{"drawMode":0,"name":"Shaded","section":"Shading Mode"},"sceneLighting":false,"audioPlay":false,"sceneViewState":{"showFog":true,"showMaterialUpdate":false,"showSkybox":false,"showFlares":true,"showImageEffects":true,"showParticleSystems":true},"in2DMode":false,"pivot":{"x":-3.6762444972991945,"y":17.193889617919923,"z":2.4159603118896486},"rotation":{"x":0.232417032122612,"y":-0.6402961611747742,"z":0.2113744020462036,"w":0.7012634873390198},"size":13.845511436462403,"orthographic":false}